{"cameraMode":{"drawMode":0,"name":"Shaded","section":"Shading Mode"},"sceneLighting":true,"audioPlay":false,"sceneViewState":{"showFog":true,"showMaterialUpdate":false,"showSkybox":true,"showFlares":true,"showImageEffects":true,"showParticleSystems":true},"in2DMode":false,"pivot":{"x":6.570320129394531,"y":0.6079187393188477,"z":1.3222312927246094},"rotation":{"x":0.2078990787267685,"y":-0.1602073311805725,"z":0.03840408846735954,"w":0.9641767740249634},"size":35.840362548828128,"orthographic":false}