{"cameraMode":{"drawMode":0,"name":"Shaded","section":"Shading Mode"},"sceneLighting":false,"audioPlay":false,"sceneViewState":{"showFog":true,"showMaterialUpdate":false,"showSkybox":false,"showFlares":true,"showImageEffects":true,"showParticleSystems":true},"in2DMode":false,"pivot":{"x":1.0,"y":-0.5000051259994507,"z":20.172367095947267},"rotation":{"x":0.2078990787267685,"y":-0.1602073311805725,"z":0.03840408846735954,"w":0.9641767740249634},"size":149.35006713867188,"orthographic":false}