{"cameraMode":{"drawMode":0,"name":"Shaded","section":"Shading Mode"},"sceneLighting":false,"audioPlay":false,"sceneViewState":{"showFog":true,"showMaterialUpdate":false,"showSkybox":false,"showFlares":true,"showImageEffects":true,"showParticleSystems":true},"in2DMode":false,"pivot":{"x":-7.074298858642578,"y":-7.992414474487305,"z":15.330915451049805},"rotation":{"x":0.2078990638256073,"y":-0.1602073311805725,"z":0.03840408846735954,"w":0.9641767144203186},"size":27.417922973632814,"orthographic":false}